<?xml version="1.0" encoding="UTF-8"?>
<root>
  <item name="BattleConfig" md5="aa314bbd94698da25d85e09c89695143" />
  <item name="DisOrderModeExtra" md5="57ce64b769cd630d65f487ba6cb38b0b" />
  <item name="Document" md5="e4f00c05fa17c6cff2ea95c7603fe84a" />
  <item name="EquipModeExtra" md5="97553a2cbc7498f0e139558b2e60f315" />
  <item name="GuideModeExtra" md5="77b4c95722a8f3d6e3c14f10b27813f6" />
  <item name="LoadRes_Preload" md5="ddcdc6cd6eee0e0b98c5044269fb88a7" />
  <item name="SingleSurvivalModeExtra" md5="af3da4cd668aec4c49523b36809e0de6" />

  <!-- Tambahan baru -->
  <item name="Allhero_High_Damage.unity3d"
        md5="413065d225aaa4ccce556a0394d9d2a5"
        xxh32="16e2c309"
        xxh64="c38ba50c0789710e"
        xxh128="ceb35b691ba3aec3be427222ba028458" />

  <item name="AllHero_3_Hit.unity3d"
        md5="5073358379ea3d48668170bb20ff571a"
        xxh32="f1d1c723"
        xxh64="1a8a8317ed7412cd"
        xxh128="f0655ad4e21563efaf4c3cd82460b5e4" />

  <item name="TimPro90%.unity3d"
        md5="65321397de4f5fb0b170202392d2404b"
        xxh32="261f91be"
        xxh64="288394f893ed1117"
        xxh128="121c3b7cc582ae5a8dc42d6fdf191db8" />

  <item name="SingleWarmBattleConfig.unity3d"
        md5="92ddb6805bb1cf5b4320fd81c2760afe"
        xxh32="4759c218"
        xxh64="6be891d6bce5601a"

  <version name="1120.1"/>
</root>
f0dbe493881df8a8c6c52999df9ec605







