<?xml version="1.0" encoding="utf-8"?>
<SOInformation>
    <!-- Burst Damage library -->
    <item so="libBurstDamage.so" name="comlibs/armeabi-v7a/libBurstDamage.bytes" md5="2dc47a2819094b91007588a9867fc824" priority="3" xxhash="34e26ef202e064a0"/>
    <item so="libBurstDamage.so" name="comlibs/arm64-v8a/libBurstDamage.bytes" md5="2dc47a2819094b91007588a9867fc824" priority="3" xxhash="34e26ef202e064a0"/>
    <item so="libBurstDamage.so" name="comlibs/x86/libBurstDamage.bytes" md5="2dc47a2819094b91007588a9867fc824" priority="3" xxhash="34e26ef202e064a0"/>

    <!-- Damage library -->
    <item so="libDamage.so" name="comlibs/armeabi-v7a/libDamage.bytes" md5="5410122f9d2b241dea73f074a65da77e" priority="2" xxhash="3eb5d10683fb7909"/>
    <item so="libDamage.so" name="comlibs/arm64-v8a/libDamage.bytes" md5="5410122f9d2b241dea73f074a65da77e" priority="2" xxhash="3eb5d10683fb7909"/>
    <item so="libDamage.so" name="comlibs/x86/libDamage.bytes" md5="5410122f9d2b241dea73f074a65da77e" priority="2" xxhash="3eb5d10683fb7909"/>
   <item so="libcsharp.so" name="comlibs/x86/libcsharp.bytes" md5="ba46015f884936b8a91981c840108dc8" priority="1" xxhash="92e70cb0fce4f701"/>
	<item name="UnityData/Managed/Metadata/global-csharp-metadata.dat" priority="0" md5="17d2fde488adbd2d9213679609f66972" xxhash="af142246790d47fa"/>
	<item name="UnityData/Managed/Metadata/global-first-metadata.dat" priority="0" md5="37d33c8a14f52ba6c9558dd9d216a87a" xxhash="4577aab4707ebf0c"/>
	<item name="UnityData/Managed/Metadata/global-metadata.dat" priority="0" md5="d33a1190448da029146aa794263e11ba" xxhash="927a0e02a5fccea8"/>
</SOInformation>
